category,count
love,42415
life,40515
inspirational,29087
philosophy,15077
humor,14096
god,13908
truth,12352
wisdom,11125
happiness,10582
people,10305
hope,9903
time,9743
faith,9305
inspirational-quotes,9279
quotes,9191
romance,9129
success,8835
death,8519
writing,8480
inspiration,8197
poetry,7317
religion,7309
work,6932
education,6836
knowledge,6717
you,6424
world,6274
motivational,6233
fear,5800
relationships,5798
change,5724
spirituality,5681
women,5450
funny,5416
life-lessons,5408
science,5392
motivation,5378
books,5218
freedom,5201
friendship,5138
purpose,5107
art,5087
me,4962
good,4814
peace,4805
dreams,4760
money,4661
spiritual,4615
leadership,4608
beauty,4602
life-quotes,4585
politics,4576
war,4564
family,4563
nature,4494
humanity,4375
music,4371
christianity,4360
debasish-mridha,4343
heart,4330
soul,4327
love-quotes,4316
history,4246
pain,4225
reading,4193
self-help,4117
power,4104
marriage,4093
children,4053
courage,3923
humour,3854
man,3815
christian,3728
mind,3689
motivational-quotes,3645
future,3643
intelligence,3598
great,3557
passion,3547
fantasy,3476
joy,3440
men,3437
reality,3423
prayer,3315
friends,3296
society,3273
self,3211
wisdom-quotes,3073
living,3039
words,3029
sex,3010
creativity,2996
relationship,2988
strength,2940
forgiveness,2939
believe,2932
think,2909
light,2891
belief,2874
destiny,2831
business,2829
fiction,2803
feminism,2777
success-quotes,2754
trust,2731
learning,2728
depression,2672
day,2661
psychology,2632
past,2590
goals,2579
quote,2562
positive-thinking,2533
grief,2491
life-and-living,2466
loss,2461
imagination,2453
literature,2444
happy,2439
experience,2426
spiritual-quotes,2392
dream,2364
travel,2359
wealth,2356
confidence,2349
growth,2336
compassion,2335
inspiring,2331
magic,2318
memory,2308
sadness,2303
kindness,2292
positive,2285
beautiful,2271
humorous,2265
thoughts,2252
paranormal-romance,2242
home,2234
government,2179
human,2176
jesus,2173
life-philosophy,2152
action,2138
culture,2135
loneliness,2129
inspirational-life,2120
know,2101
debasish-mridha-m-d,2098
food-for-thought,2088
calling,2085
suffering,2080
wise-words,2062
advice,2052
school,2050
desire,2046
thinking,2045
self-improvement,2035
want,2027
character,2024
writers,2012
mystery,2010
healing,2006
failure,1991
evil,1984
poverty,1983
language,1982
self-esteem,1976
adventure,1975
sad,1961
self-love,1942
darkness,1942
hate,1926
food,1924
grace,1923
young-adult,1920
understanding,1913
israelmore-ayivor,1906
america,1894
billy-graham,1871
health,1863
woman,1858
fate,1849
consciousness,1839
anger,1830
contemporary-romance,1808
acceptance,1805
live,1795
ignorance,1791
horror,1786
thought,1781
best,1766
meditation,1756
science-fiction,1740
greatness,1737
justice,1726
value,1722
honesty,1718
self-awareness,1715
universe,1712
morality,1709
feelings,1688
journey,1668
memories,1668
opportunity,1666
silence,1665
mother,1664
bible,1656
debasish-mridha-md,1650
i am,1636
book,1628
job,1626
parenting,1623
poem,1619
identity,1610
edmond-mbiaka,1592
heartbreak,1583
choices,1578
lies,1564
christian-life,1545
gratitude,1515
lailah-gifty-akita-affirmations,1515
youth,1513
hurt,1512
emotions,1508
focus,1507
technology,1506
law,1506
lovers,1503
humility,1503
age,1500
choice,1498
perspective,1488
sin,1476
relationship-quotes,1472
story,1461
mistakes,1455
evolution,1448
inspirational-attitude,1432
parents,1431
awareness,1421
human-nature,1420
heaven,1420
gift,1416
optimism,1413
respect,1412
atheism,1412
liberty,1400
myself,1399
self-realization,1397
pride,1393
alone,1389
attitude,1388
earth,1387
father,1383
spirit,1380
stories,1378
romantic,1370
encouragement,1369
mindfulness,1356
paranormal,1335
childhood,1332
reason,1331
artist,1326
adversity,1319
communication,1319
determination,1316
poetry-quotes,1308
meaning,1305
service,1296
personal-development,1293
vision,1289
violence,1280
control,1273
writer,1266
dark,1263
ya,1260
stars,1260
author,1259
self-motivation,1255
anxiety,1239
philosophy-of-life,1238
responsibility,1237
sleep,1231
ideas,1226
yourself,1222
existence,1214
values,1210
community,1206
night,1205
patience,1197
vampires,1196
inspire,1191
church,1191
personal-growth,1187
democracy,1186
crime,1186
help,1183
perseverance,1182
smile,1182
greatness-quotes,1170
worship,1157
strong,1155
solitude,1152
suicide,1145
path,1136
achievement,1132
progress,1125
right,1121
problems,1121
today,1117
will,1116
richelle,1113
love-story,1112
survival,1111
richelle-goodrich,1100
sacrifice,1100
decisions,1099
perception,1099
creation,1088
child,1087
kiss,1082
buddhism,1081
ego,1081
friend,1078
present,1075
employment,1074
enlightenment,1069
capitalism,1069
lost,1063
comedy,1062
racism,1062
teaching,1060
self-confidence,1052
bravery,1046
animals,1043
sorrow,1041
true,1041
positivity,1036
hell,1032
true-love,1032
ethics,1030
regret,1026
storytelling,1025
body,1025
inspirational-quote,1022
personality,1016
unity,1014
never,1009
dating,1006
energy,1004
theology,1004
happiness-quotes,1003
fun,999
vampire,993
thriller,991
faith-quotes,991
memoir,987
opportunities,986
fight,986
eyes,986
discipleship,984
free,983
growing-up,974
empowerment,972
christ,969
goal,968
revolution,968
mind-power,963
life-lessons-quotes,958
life-quotes-and-sayings,953
learn,947
jesus-christ,946
wisdom-of-lailah-gifty-akita,943
wise,943
despair,942
economics,941
christian-living,940
productivity,937
mridha,935
ambition,935
together,934
leader,931
dreams-quotes,931
political,927
equality,925
humans,925
integrity,921
blessing,921
challenges,920
abuse,919
innovation,916
leaders,916
emotion,911
murder,909
water,909
wise-quotes,907
giving,903
end,903
jobless,903
communication-skills,902
debasish,901
sexuality,900
poems,900
words-of-wisdom,895
doubt,890
friendship-quotes,886
secrets,883
sarcasm,882
law-of-attraction,881
struggle,880
perfection,876
mental-illness,875
mind-body-spirit,873
motherhood,867
expectations,865
curiosity,865
quotes-to-live-by,864
brain,858
zen,857
life-lesson-quotes,856
fire,855
love-quote,853
dying,850
goal-setting,850
write,849
better,848
aging,846
waste,846
writing-life,839
revenge,838
moment,838
positive-thoughts,834
novel,834
entrepreneurship,834
care,832
danger,831
satire,829
goodness,828
girl,827
erotica,825
empathy,822
worry,818
islam,815
self-worth,815
mankind,814
irony,814
dance,814
see,811
life-changing,811
remember,809
space,807
hatred,800
wonder,799
erotic-romance,798
fashion,796
nothing,795
college,794
love-quotes-and-sayings,794
deep,791
suspense,788
angels,787
christmas,784
philosophical,783
humorous-quotes,781
environment,781
talent,781
romantic-suspense,781
lust,780
way,780
kindlehighlight,779
finance,778
sweet,778
actions,778
historical-romance,776
transformation,775
writing-process,775
madness,772
person,772
pleasure,772
cats,771
spiritual-growth,770
life-quote,768
media,767
race,766
american,765
moon,764
tragedy,761
guilt,760
military,759
greed,757
honor,755
quote-of-the-day,754
internet,754
criticism,754
genius,753
problem,753
stephen-richards,752
influence,751
individuality,751
mission,749
reflection,748
sexy,747
death-and-dying,746
product,745
luck,744
writers-on-writing,743
brainy-quotes,741
religious,740
like,738
virtue,737
conscience,737
addiction,735
letting-go,735
mindset,735
excellence,734
need,734
crazy,733
romance-novels,733
comfort,732
always,731
sun,730
people-quotes,730
conversion,729
simplicity,726
kingdom,725
life-quotations,723
laughter,723
potential,723
salvation,721
being,720
real,720
principles,719
uplifting,717
drama,715
kids,714
slavery,714
historical-fiction,714
turkish-literature,712
girls,710
dead,710
play,708
attitude-quotes,707
betrayal,706
writing-advice,705
risk,705
conflict,703
wise-sayings,703
destruction,703
commitment,703
love-hurts,701
young-adult-fiction,699
mercy,699
divorce,697
logic,696
wife,696
dogs,696
gay,696
loyalty,695
ocean,695
tears,693
richelle-e-goodrich,691
produce,690
long,689
intuition,689
rain,685
devil,685
life-experience,684
lie,683
hard-work,679
country,678
insanity,678
beliefs,677
sea,676
jealousy,676
successful,675
hero,675
drugs,672
mental-health,671
joblessness,671
gender,670
turkish-writers,670
loving,667
dragons,666
dreaming,665
growth-quotes,664
challenge,661
matshona-dhliwayo-quotes,661
gratitude-quotes,661
quotes-by-susan-c-young,660
read,660
supernatural,660
authors,658
cute,657
convert,657
sky,657
rich,657
medicine,651
meaning-of-life,650
potential-quotes,650
new-thought,650
life-quotes-inspirational-quotes,647
turkish-quotes,645
new-adult,644
strategy,644
witches,643
patriotism,640
thinking-quotes,640
wishes,639
mehmet-murat-ildan-quotes,638
fearless,637
appreciation,636
new-age,635
urban-fantasy,633
illusion,632
flowers,630
spiritual-wisdom,629
ghosts,629
civilization,629
stupidity,627
blessings,627
victory,626
feeling,625
city,625
poet,625
self-discovery,625
marketing,624
recovery,623
management,623
questions,622
influence-quotes,622
existentialism,621
gods,621
business-quotes,621
listening,620
sports,618
materialism,617
chaos,617
miracles,616
fame,616
harmony,615
social-media,613
relationships-quotes,613
shame,613
balance,613
moments,612
lonely,610
demons,608
stress,608
independence,607
nostalgia,605
rules,604
motivational-inspirational,604
eternity,604
sufism,603
ildan-wise-sayings,601
die,600
security,600
winter,598
photography,597
turkish-authors,596
weakness,596
truth-of-life,595
library,595
mehmet-murat-ildan-quotations,595
never-give-up,595
wealth-creation,594
turkish-playwrights,594
corruption,594
new,593
turkish-wisdom-words,591
career,590
positive-attitude,589
battle,589
prejudice,588
turkish-quotations,587
moving-on,586
discipline,586
judgement,586
desires,586
bad,584
inner-strength,584
ildan-wisdom,584
ildan-words,584
winning,583
support,583
longing,582
win,577
disappointment,577
speech,577
song,576
africa,576
educational-philosophy,575
waiting,574
information,573
poets,573
birth,572
artists,569
powerful,569
fall,569
motivational-speaker,568
emotional,568
one,568
different,566
secret,566
appreciation-quotes,566
persistence,565
selfishness,565
broken,563
manifestation,562
trauma,562
communism,561
lgbt,561
successful-living,559
mythology,559
pray,559
rights,559
awakening,557
witty,555
thought-provoking,554
chance,553
life-lessons-quotations,551
maturity,551
socialism,550
wish,550
physics,548
movies,547
metaphor,547
reality-of-life,547
life-lesson,546
hypocrisy,545
drinking,545
blood,545
poor,543
book-quotes,543
divine,542
immortality,541
opinion,540
kind,540
self-belief,537
oscar-wilde,537
fulfillment,537
decision,537
improvement,536
prosperity,535
game,535
shakespeare,534
discovery,534
summer,533
vision-quotes,532
life-and-death,532
heroes,529
contentment,529
crying,529
falling-in-love,529
deception,529
laugh,528
arrogance,528
behavior,527
questions-quotes,527
contemporary,526
inspirational-living,526
coming-of-age,523
wisdom-quote,522
voice,522
why,522
abundance-quotes,522
forever,521
charity,520
attention,520
helping,520
dream-big,519
lover,519
connection,517
motivational-quote,517
quality,515
inner-peace,515
parenthood,514
mysticism,514
mathematics,513
alcohol,513
percy-jackson,512
india,512
doing,510
training,510
create,509
heartache,508
endurance,508
believe-in-yourself,506
simple,506
safety,506
wrong,506
fairy-tales,505
lyrics,502
understand,502
good-and-evil,501
conversation,501
important,501
new-york-city,499
feel,498
team,498
achieve,498
sufis,497
writing-quotes,497
terrorism,496
fighting,495
start,492
attraction,492
sci-fi,491
zombies,491
lessons,491
brave,491
development,490
idea,489
smart,489
mountain,488
authenticity,488
entrepreneur,487
trees,487
enjoy,487
cosmic-ordering,487
gandhi,486
gifts,486
place,485
sales,484
quotes-about-life,484
inspiring-quotes,483
holy-spirit,483
caring,482
wisdom-quotations,481
journalism,480
wise-quotations,479
innocence,479
failures,479
insight,477
facts,477
self-growth,476
inspirational-quotes-about-life,476
nation,475
mothers,474
injustice,474
biology,473
manifesting,473
lying,473
anarchy,473
forgive,472
unrequited-love,472
rape,472
misery,471
sexism,470
speak,469
changes,469
motivational-speaker-susan-young,468
funny-quotes,468
spirituality-quotes,468
diversity,468
motivational-quotes-for-women,467
mom,467
visualization,467
escape,466
boredom,466
living-life,466
humanism,465
teen,465
worth,465
oneness,465
look,464
film,464
kissing,463
gospel,462
denial,461
unconditional-love,461
lifestyle,461
envy,460
effort,460
creative,460
broken-heart,459
young,459
time-travel,458
libertarian,458
intimacy,458
self-determination,457
possible,457
wit,457
yoga,457
self-development,457
politicians,456
impossible,455
synchronicity,454
leadership-development,454
celebration-quotes,453
enemies,452
oppression,451
serving-god,450
authority,450
ability,450
sage-quotes,449
try,448
morals,448
your-life,448
walk,447
sacred,445
bdsm,445
small,445
positive-quotes,444
fighting-spirit,444
dignity,442
healthy-living,442
wise-words-quotes,442
fantasy-fiction,442
time-management,440
harry-potter,440
husband,439
prison,438
family-relationships,438
miraboli,437
pressure,435
cancer,434
branding,433
motivational-quotations,433
teenagers,433
bliss,432
free-will,432
enemy,432
afterlife,432
insightful,432
karma,431
tolerance,430
confusion,430
writers-quotes,429
find,429
perfect,428
blame,428
now,428
legacy,428
mortality,426
running,426
success-self-improvement,425
unique,424
impact,423
gossip,423
praise,423
buddha,422
love-quotations,421
healthy,420
quote-about-life,419
grow,419
old,418
black,417
purpose-of-life,417
soulmates,416
everything,416
feminist,415
regrets,414
quote-of-the-week,413
breakup,412
child-abuse,411
success-strategies,411
hopeful,410
cruelty,409
tomorrow,409
reading-books,409
be-yourself,408
failure-quotes,408
possibility,408
riches,408
self-help-quotes,406
aphorism,406
acting,405
peace-of-mind,405
overcomer,405
proverbs,404
change-your-life,404
plan,404
enthusiasm,403
wise-sayings-quotes,402
angel,402
boys,401
fact,401
leadership-quotes,400
amit-kalantri,399
competition,399
quotes-twitter,398
hilarious,398
abundance-creation,398
football,398
surrender,397
monsters,397
activism,396
daily-life,396
company,395
optimistic,394
self-respect,394
obstacles,394
writing-craft,394
obsession,393
road,392
atheist,392
greatest,391
vanity,391
self-knowledge,388
morning,386
grateful,386
talents,384
working,383
biography,383
libraries,382
research,382
apocalypse,382
adversity-quotes,381
metaphysics,381
easy,380
prose,378
going,378
christian-quotes,376
television,376
motivational-quote-of-the-day,376
first,375
amit-kalantri-quotes,375
negative,375
human-rights,375
social,373
beginning,373
guru-quotes,370
wisdom-inspirational,370
style,370
face,367
quotes-for-instagram,367
resilience,365
positive-outlook,364
practice,364
word,362
millionaire-mindset,362
motivation-quotes,362
things,360
little,360
paris,358
literature-quotes,357
kamand,357
kojouri,357
susanspeaks-com,356
united-states,355
walking,355
repentance,355
inspirational-quotations,354
risks,353
quotes-tumblr,352
years,351
kamand-kojouri,351
fail,350
accomplishments,349
teacher,349
listen,348
painting,348
quotes-de-la-vida,348
design,347
satan,347
amy-leigh-mercree,345
difference,344
spiritual-life,344
planning,342
act,342
sociology,342
fool,341
faith-in-god,341
dog,340
name,338
amy-leigh-mercree-quotes,338
susan-young,338
performance,337
religious-faith,337
overcomer-quotes,337
up,337
joyful-living,336
trying,335
judgment,335
wind,335
self-acceptance,334
opinions,334
just,333
author-stephen-richards,333
novels,333
daughter,332
son,332
stupid,332
forget,331
color,331
debasish mridha,331
looking,330
down,330
effectiveness,330
president,327
talk,327
give,325
success-in-life,324
overcome,324
matter,323
glory,323
she,323
say,322
guidance,322
question,322
difficult,321
others,321
answers,321
satisfaction,320
alive,319
spring,319
lessons-learnt,318
loved,318
exercise,318
study,317
fitness,317
storytellers,317
ptsd,317
habits-quotes,316
philosophy-quotes,316
determined-spirit,315
intellect,313
party,312
house,312
mistake,312
liberation,312
humble,310
cry,309
legacy-quotes,308
economy,308
positive-life,307
presence,307
protection,307
direction,307
young-adult-romance,307
us,307
courage-quotes,306
trouble,306
cooking,306
mirror,306
creating,306
sickness,305
duty,305
aphorisms,305
rest,304
king,303
her,302
realization,302
souls,302
defeat,301
experiences,301
possibilities,300
knowing,300
expression,300
dejan-stojanovic,300
lead,299
diamonds,298
belief-quotes,298
trials,296
hunger,295
skills,295
illness,295
well-being,295
moral,295
mountains,294
punishment,294
statism,294
inspirational-quotes-motivation,294
warrior,294
spiritual-sayings,293
helping-others,293
selling,292
emptiness,292
bias,292
positive-affirmation,292
sympathy,291
pessimism,290
lord,290
redemption,289
daily,289
selflessness,288
work-hard,286
success-in-business,286
moving,286
characters,286
eating,286
personal,285
sanity,285
angry,284
police,284
moving-forward,284
something,284
amazing,284
teachers,283
vulnerability,283
hearts,283
days,283
spiritual-insights,283
encouragement-quotes,282
terror,282
obedience,282
praying,282
sense,281
you-can,281
joke,281
scripture,281
hands,281
enlightenment-quotes,281
wild,281
honest,280
car,280
evangelism,280
plans,280
afraid,279
sharing,279
selfish,279
advertising,279
ad-posey,279
customer-service-quotes,279
uncertainty,278
voluntaryism,278
calm,278
order,277
baby,277
isolation,277
divinity,276
saying,276
growing,276
your-journey,276
short,276
teens,276
humanity-and-society,276
clarity,275
holiness,275
tree,274
hopelessness,274
motivate,274
scifi,274
challenges-quotes,273
without,273
uniqueness,273
situation,273
myth,272
born,272
teach,272
skepticism,272
heroism,271
survivor,271
conformity,271
individual,271
class,270
snow,270
creator,270
teamwork,270
wine,270
reliance,270
power-of-words,269
force,269
natural,268
faithfulness,268
consequences,267
kill,267
positive-thinking-quotes,267
coffee,266
mourning,266
superstition,266
devotion,266
drive,266
single,265
process,265
hair,265
insecurity,264
thankful,264
generosity,264
determination-quotes,263
victim,263
observation,263
sales-effectiveness,263
discrimination,263
fake,263
soldiers,263
bitterness,263
habits,262
reputation,262
garden,262
lose,261
michael-bassey-johnson,260
don-t-give-up,260
autumn,259
tyranny,259
nationalism,258
through,258
destination,258
nice,258
time-quote,257
creative-process,257
quiet,257
passionate,257
sincerity,257
profound,256
movement,256
survive,255
sister,255
uplifting-quotes,255
let-go,254
capable,254
affirmations,254
writers-life,254
couple,254
argument,254
seeing,254
succeed,253
judge,253
separation,253
brother,253
religion-spirituality,253
achievements,253
temptation,253
fae,252
fly,252
promise,252
events,252
soul-quotes,252
wedding,251
animal,251
tagore,251
focus-quotes,251
well,251
choose,251
blessed,251
positive-thought,251
positive-first-impression-quotes,250
decision-making,250
news,250
evidence,250
parent,249
infinity,249
seek,249
laws,249
rule,249
games,248
done,248
building,248
catholicism,247
individualism,247
believe-and-achieve,247
reader,247
companionship,247
neuroscience,246
women-s-rights,246
soulmate,246
werewolves,246
romance-quotes,246
miracle,246
dancing,246
flower,246
disease,246
strange,245
deceit,245
dont-quit,245
run,244
canada,244
perspective-quotes,244
unknown,244
introspection,244
touch,244
metaphysical,243
love is,243
resistance,243
in-love,243
historical,243
taoism,243
singing,242
weird,242
common-sense,242
astronomy,242
action-quotes,242
soldier,242
bullying,241
matshona dhliwayo,241
needs,241
inner-strength-quotes,241
doubts,241
catholic,241
weather,241
forgiveness-quotes,241
fears,240
side,240
tradition,240
search,240
distance,240
movie,240
birds,239
lives,239
apologetics,239
self-help-book,239
healthy-habits,239
math,239
affection,238
communication-quotes,238
my life,238
sexual-abuse,238
hot,237
marriage-quotes,237
altruism,237
architecture,237
amit-kalantri-writer,236
procrastination,236
leaving,236
old-age,236
gods-grace,236
doctor,235
ministry,235
love-yourself,235
willpower,235
traveling,235
rebellion,235
first-impressions,235
thanksgiving,234
short-story,234
brand,234
manners,234
witch,234
truth-quotes,234
hope-quotes,233
cheating,233
proud,232
hopeless,232
generation,232
priorities,232
israelmore ayivor,232
shadow,232
scars,232
seasons,232
frustration,232
master,232
spiritual-quotations,231
thankfulness,231
purpose-driven-life,231
love-quotes-for-everybody,231
soul-mate,230
travel-quotes,230
appearance,230
revelation,230
real-love,230
living-life-to-the-fullest,229
blind,229
everyone,229
storm,229
personal-branding,228
more,228
labor,228
theatre,227
getting,227
self-image,227
travel-writing,227
manipulation,227
rejection,226
short-stories,226
love-quotes-and-saying,226
losing,226
system,226
bigotry,226
openness,226
england,226
erotic,225
big-dreams,225
present-moment,224
anything,224
constitution,224
readers,224
melancholy,224
lesson,224
aim,224
sound,223
perseverance-quotes,223
dangerous,223
shine-your-light,223
students,222
stop,222
overcoming-challenges-quotes,222
dystopian,222
americans,222
paradox,222
turkish-sayings,222
turkish-aphorisms,222
abundance,222
cowardice,221
creative-writing,221
chick-lit,221
investment,221
new-adult-romance,221
transcendence,221
gold,221
suzy-kassem,221
adulthood,220
talking,220
jokes,220
christians,220
your-destiny,220
fortune,220
nonfiction,220
army,220
turkish-thinkers,220
healing-the-past,219
men-and-women,219
book-lovers,219
proverb,219
clothes,219
vikrmn,219
killing,219
hardship,219
daring,219
death-of-a-loved-one,219
lgbtq,219
leadership-characteristics,218
soul-mates,218
door,218
stand,218
heart-quotes,217
realistic,217
awesome,217
world-peace,217
student,217
saved-souls,217
inequality,217
discernment,216
struggles,216
beach,216
only,216
high-school,216
adage,216
scared,216
god-s-love,216
worthy,215
love-at-first-sight,215
pity,215
self-empowerment,215
circumstances,215
crisis,215
aliens,215
interesting,215
thoughtful,215
state,215
problem-solving,215
fools,215
conquer,215
eye,214
mental,214
usa,214
author-quotes,214
entertainment,214
happy-life,214
treasure,214
grief-and-loss,214
about,213
cold,213
habit,213
patriarchy,213
peaceful,213
lesbian,213
drink,212
vampire-romance,212
relationship-advice,212
winning-quotes,212
sometimes,212
twitter,212
confidence-quotes,212
goddess,211
to,211
therapy,211
it,210
sayings,210
hard-times,210
rationality,210
clever,210
inspirational-quotes-for-women,210
change-the-world,210
rhetoric,210
hard,209
dedication,209
overcoming-adversity-quotes,209
friendships,209
survivors,209
the,209
philosopher,208
two,208
accomplishment,207
the-great-pearl-of-wisdom,207
must,207
wellness,207
three,207
teen-fiction,207
young-adult-fantasy,206
purity,206
sales-training,206
paradise,206
hopes,206
university,206
cynicism,206
instinct,206
censorship,206
which,205
excuses,205
social-justice,205
shifters,205
loving-people,205
goals-in-life,205
reasoning,205
difficulties,204
lost-love,204
taste,204
righteousness,204
god-s-grace,204
diet,204
coercion,204
accountability,204
dress,204
aspiration,203
empty,203
debate,203
wilderness,203
womanhood,203
small-town-romance,203
importance,203
than,203
possession,203
originality,203
flying,203
become,202
preparation,202
him,202
boy,202
ca-vikram-verma,202
step,202
maturation,202
drunk,202
propaganda,201
eternal,201
deeds,201
ghost,201
appreciate,200
heartbroken,200
theory,200
law-of-attraction-quotes,200
view,200
back,200
forest,200
strength-through-adversity,200
rasheed-ogunlaru-quotes,200
privilege,199
business-advice,199
lighten,199
within,199
partner,199
fantasy-romance,199
prophecy,199
dare,199
missing,199
overcoming-quotes,199
cities,199
first-love,198
japan,198
relevance,198
faithful,198
prayers,197
naturalism,197
results,197
couples,197
critics,197
self-control,197
social-networking,197
exploration,197
life-coaching,197
star,197
overcome-quotes,196
serving-people,196
journey-of-life,196
cat,196
words-to-live-by,196
overcoming-obstacles,196
solution,196
sisters,196
where,195
fundamentalism,195
purposeful-living,195
songs,195
narcissism,195
empowering-quotes,195
fathers,194
body-language-quotes,194
limits,194
dissociative-identity-disorder,194
sunset,194
rise,194
cross,194
special,194
political-philosophy,193
child-sexual-abuse,193
religion-and-philoshophy,193
differences,193
civil-rights,193
life-purpose,193
female,193
apathy,193
seeking,192
weak,192
wings,192
believers,192
chances,192
vikram-verma,192
vocation,192
skill,192
educational-quotes,192
be-happy,192
mean,191
compromise,191
chartered-accountant,191
kindness-quotes,191
attachment,191
breath,191
image,191
baseball,191
shine,191
share,191
troubles,191
insult,191
inspired,191
explore,190
imagine,190
honoring-people,190
mediocrity,190
realize,190
coaching,190
sleeping,190
scriptures,190
body-image,190
believing,189
accountability-quotes,189
instincts,189
foolishness,189
loving-god,189
dissociation,189
honoring-god,189
london,188
essay,188
breakups,188
psychiatry,188
intention,187
beloved,187
i can,187
elections,187
unhappiness,187
obstacles-quotes,187
series,187
content,187
management-and-leadership,187
alcoholism,187
deep-thoughts,187
comfort-zone,187
same,186
fairies,186
mind-quotes,186
learning-process,186
sick,185
big,185
inspiring-thoughts,185
self-limiting-beliefs,185
christianity-faith,185
difficulty,185
hard work,184
resurrection,184
tired,184
solutions,184
learning-quotes,184
tenacity,184
parents-and-children,183
english,183
conviction,183
be,183
dreamer,183
sorry,183
goodbye,183
forgetting,182
corporate,182
smiling,182
magical,182
limitations,181
discover,181
the-past,181
cool,181
agnosticism,181
blue,181
self-reliance,181
key,181
promises,180
misogyny,180
privacy,180
awaken,180
speaking,180
rasheed-ogunlaru,180
western,180
torture,180
rose,180
mindset-quotes,180
successful-people,180
grieving,180
accept,180
financial,180
river,179
insane,179
poison,179
mindful,179
winner,179
work-ethic,179
may,179
gothic,179
guns,179
writing-philosophy,179
peace-on-earth,179
romance-book-quotes,179
said,179
delusion,179
negativity,179
busy,179
rage,179
boundaries,178
idolatry,178
positive-motivation,178
surprise,178
fairness,178
hinduism,178
homosexuality,178
vikram,177
stereotypes,177
girlfriend,177
self-care,177
self-determination-quotes,177
popularity,177
intelligent,177
pregnancy,176
wait,176
go,176
self-education,176
christian-fiction,176
shoes,176
interest,176
head,176
manga,176
magick,176
dystopia,176
positive-mindset,176
awe,176
enjoyment,176
courageous,176
abilities,175
calling-people,175
ugly,175
thank-you,175
sunshine,175
desperation,175
alpha-male,175
consumerism,175
fatherhood,175
do,175
survival-instinct,175
boring,174
power-of-thoughts,174
picture,174
race-relations,174
murat-ildan-quotations,174
haters,174
achievement-and-attitude,173
reward,173
human-condition,173
fulfilling-purpose,173
wise-thoughts,173
hide,173
ask,173
i,173
martin-luther-king-jr,173
vice,172
belonging,172
romance-love,172
celebrate,172
fish,172
mastery,172
concentration,172
prayer-quotes,171
colors,171
children-s-books,171
boyfriend,171
stephen-richards-author,171
names,171
excellence-quotes,171
lawyers,171
jobs,171
soul-searching,170
happiness-advice,170
laziness,170
certainty,170
france,170
infidelity,170
passionate-living,170
eat,170
learning-from-mistakes,170
intellectual,169
dreams-and-reality,169
build,169
wanderlust,169
example,169
scary,169
every,169
admiration,168
save,168
dreams-inspirational,168
joyful,168
patient,168
imperfection,168
china,168
marriage-advice,168
authentic,168
tea,168
australia,167
foundation,167
serenity,167
self-esteem-quotes,167
ancap,167
birthday,166
startup,166
legal,166
land,166
week,166
new-age-movement,166
anarchism,166
martial-arts,166
hopeful-and-encouraging,166
liberalism,165
adult,165
enough,165
healthy-lifestyle,165
test,165
togetherness,165
fear-quotes,165
price,165
red,165
famous-authors,165
wonderful,165
distraction,165
choices-and-consequences,165
girl-power,165
quotations,165
poetic,164
endure,164
shadows,164
spiritual-development,164
breaking-up,164
on-writing,164
animal-rights,163
green,163
follow,163
new-york,163
queen,162
inner-self,162
space-opera,162
finding-yourself,162
expectation,162
infatuation,162
stress-management,162
idealism,162
remembering,162
realism,162
dreams-come-true,162
young-love,162
destroy,162
money-quotes,161
inspirational-quotes-of-the-day,161
random,161
bird,161
who,161
religion-and-philosophy,161
persistence-quotes,161
growing up,161
nightmares,161
freedom-of-speech,161
description,161
strangers,161
conservation,161
beginnings,160
holocaust,160
move-on,160
life-wisdom,160
i believe,160
word-of-god,160
quotes-on-life,160
sales-advice,160
clouds,160
journey-quotes,159
social-change,159
invention,159
high,159
confession,159
submission,159
indifference,159
attributed-no-source,159
essence,159
ideology,159
kindred-spirits,158
romantic-comedy,158
russia,158
iraq,158
contemplation,158
self-confidence-quotes,158
desert,158
environmentalism,158
assumptions,158
facebook,157
embrace,157
environmental,157
curse,157
knowledge-quotes,157
safe,157
famous,156
normal,156
wishes-quotes,156
faith-in-yourself,156
organization,156
odd-thomas,156
someone,156
solidarity,156
union,156
fiction-novel,156
good-deeds,156
literary-fiction,155
senses,155
holy,155
voting,155
looks,155
god-quotes,155
letters,155
business-success,155
wolf,155
complexity,155
pursuit,155
breathing,154
adolescence,154
modernity,154
daily-inspiration,154
depressed,154
leave,154
public-speaking,154
greater-glory,154
profit,154
bible-study,153
healing-insights,153
horse,153
life-coach,153
self-mastery,153
nutrition,153
werewolf,153
minds,153
thanks,153
your,153
paths,153
rebirth,153
infinite,152
corrupt,152
babies,152
wants,152
overcoming-obstacles-quotes,152
truths,152
proof,152
protect,152
grace-of-god,152
mehmet murat ildan,151
abuse-survivors,151
light-and-darkness,151
theft,151
divine-grace,151
heal,151
he,151
weapons,150
be-different,150
independent,150
famous-quotes,150
excellent,150
visions,150
liar,150
wounds,150
demon,149
flaws,149
creativity-quotes,149
monster,149
best-inspirational-quotes,149
pretty,149
liars,149
love-quotes-love,149
bold,149
sacrifice-quotes,149
muse,149
falling,149
incest,149
foolish,149
we,149
should,149
joyful-living-101,149
relationships-101,149
absence,148
martin-luther-king,148
autism,148
resentment,148
difficulties-of-life,148
hand,148
most,148
lovers-quotes,148
destiny-quotes,147
scottish-romance,147
romance-novel,147
nature-quotes,147
human-mind,147
charisma,147
god-s-will,147
women-s-strength,147
time-passing,147
haiku,146
make,146
disability,146
divine-self,146
message,146
holidays,146
pirates,146
novel-writing,146
stress-relief,146
of,145
extraordinary,145
truth-telling,145
persuasion,145
lovequotes,145
weapon,145
self-reflection,145
egoism,145
mindfulness-practice,145
changing,145
flow,145
inspirational-love,145
ways,145
body-mind-spirit,145
hidden,145
role,145
plants,144
fruit,144
spiritual-warfare,144
quest,144
fairy-tale,144
nonduality,144
painful,144
searching,144
new-year,143
truth is,143
answer,143
religious-extremism,143
customer,143
medical,143
insults,143
the-best-option,143
knowledge-of-self,143
human-being,143
pets,143
you-can-do-it,143
non-aggression-principle,143
break,143
the-world,143
humankind,143
immortal,143
blogging,142
wisdom-wise,142
goodness-quotes,142
weight,142
strength-quotes,142
behaviour,142
joy-of-life,142
joy-quotes,142
networking,142
warriors,142
strength-of-character,142
reincarnation,142
fearless-quotes,142
classics,141
ecology,141
confident,141
serve,141
time-conversion,141
celebrity,141
modern,141
real-life,141
domestic-violence,141
cobaltsaffron,141
train,141
exploitation,141
sins,141
worst,140
air,140
gratefulness,140
driving,140
treat,140
non-fiction,140
attitude-toward-life,140
inner-beauty,140
darrell-calkins,140
early,140
sight,140
silent,140
skin,140
pretend,140
right-and-wrong,139
witchcraft,139
rainbow,139
crush,139
funny-but-true,139
is,139
that,139
paganism,139
triumph,139
book-quote,139
wizards,139
life-lessons-quote,139
advertisement,139
libertarianism,139
script,139
martin-luther,139
recognition,139
zombie,139
inspirations,139
accomplish,139
blog,138
wealthy,138
sword,138
career-development,138
boldness,138
dream-quotes,138
actor,138
higher-living,138
neuropsychology,138
landscape,138
consistency,138
coping,137
ownership,137
debt,137
absurd,137
shine-your-star,137
mentality,137
rock,137
emotional-pain,137
advice-for-daily-living,137
women-s-fiction,137
science-fiction-romance,137
occult,137
asian-philosophy,137
brothers,137
ambitions,137
loving-yourself,137
stronger,136
native-american,136
live-in-the-moment,136
lovely,136
places,136
hope-and-despair,136
responsible,136
strength-and-courage,136
bangambiki,136
self-improvement-quotes,136
sad-quotes,136
falsehood,136
critical-thinking,135
psychological,135
remembrance,135
dialogue,135
nobody,135
aspirations,135
purpose-quotes,135
excitement,135
dawn,135
mafia,135
jazz,135
comparative-religion,134
illusions,134
bereavement,134
horses,134
break-up,134
grave,134
source,134
golf,134
computers,134
comparison,133
white,133
know-thyself,133
darrell-calkins-seminar,133
darrell-calkins-retreat,133
darrell-calkins-cobaltsaffron,133
mgg,133
flirting,133
cobaltsaffron-retreat,133
begin,133
speed,133
interpretation,133
new-day,133
science-and-religion,133
darrell-calkins-cobalt-saffron,132
favorite,132
prostitution,132
slave,132
tools,132
endings,132
lifelong-learner,132
thoughts-on-life,132
cobalt-saffron-retreat,132
angst,132
dinner,132
resources,132
autobiography,132
hollywood,131
mentoring,131
beauty-in-nature,131
missing-someone,131
wolves,131
achieving-success,131
forward,131
break-ups,131
muslim,131
femininity,131
warfare,131
instagram,131
election,131
exist,130
bitter,130
trilogy,130
nihilism,130
love-poem,130
collectivism,130
suffer,130
dont-give-up,130
what,130
wwii,130
grief-quotes,130
public,130
inspired-soul,130
paper,130
chemistry,130
standards,129
channeling,129
vengeance,129
seduction,129
immigration,129
happiness-quote,129
counseling,129
blessed-life,129
books-reading,129
musician,129
fascism,129
rational,129
happy-soul,129
pure,129
manhood,129
result,129
masculinity,129
point,129
urban-fantasy-romance,129
negative-people,129
musicians,129
m.f. moonzajer,129
greek-mythology,128
overcoming-fear-quotes,128
detective,128
nothingness,128
other,128
honour,128
imagery,128
mask,128
overcoming,128
dictatorship,128
mad,128
europe,128
dragon,128
liberal,128
abortion,128
limit,128
wander,128
writing-inspiration,128
narrative,128
families,128
breathe,128
visionary,128
publishing,128
anarcho-capitalism,128
ageing,127
digital,127
indian-authors,127
kid,127
year,127
mothers-and-daughters,127
movie-dialogue,127
french,127
perfectionism,127
sport,127
poetry-love,127
sunrise,127
etiquette,127
times,127
self-love-quotes,127
not,126
blindness,126
entrepreneurial,126
ignorant,126
time-quotes,126
burden,126
quotes-of-life,126
strong-woman,126
measure,126
a,126
middle-grade,126
give-up,126
colonialism,126
best-friends,126
writers-world,126
relax,126
conservative,126
misunderstanding,126
achievement-quotes,126
dreams-do-come-true,126
shifter-romance,125
nonviolence,125
passions,125
hear,125
climate-change,125
spirituality-vs-religion,125
siblings,125
eating-disorders,125
cosmos,125
travelling,125
emotional-intelligence-quotes,125
i-love-you,125
equal,125
error,125
friendship-and-love,125
feet,125
ending,125
collaboration,125
dogma,125
sufi,125
laissez-faire,125
stillness,125
double-standards,125
timing,125
believer,125
mentor,124
ifeanyi-enoch-onuoha,124
miracle-quotes,124
virtues,124
rebel,124
roots,124
mind-control,124
bed,124
philosophy-of-religion,124
beauty-quotes,124
smiles,124
relationship-advice-quotes,124
social-psychology,124
kisses,124
yesterday,124
part,124
intentions,124
book-writing,124
personal-planning,124
quotation,124
loss-of-love,124
how-to-be-happy,124
form,124
pearls-of-wisdom,124
gender-roles,123
germany,123
believe-in-god,123
worrying,123
giving-up,123
beauty-of-life,123
tranquility,123
speaker-susan-young,123
nightmare,123
reflections,123
simile,123
position,122
prepare,122
invisible,122
depth,122
harry-dresden,122
marxism,122
transform,122
plant,122
achieving-dreams,122
writing-from-the-heart,122
freedom-of-thought,122
planet,122
seeking-god,122
imagination-quotes,122
hardships,122
show,122
harm,122
parenting-children,122
moving-on-and-letting-go,122
and,122
divine-intervention,122
preparation-quotes,122
in,122
empower,121
vacation,121
industry,121
open,121
risk-it,121
scotland,121
taxation,121
preaching,121
hope-for-each-day,121
all,121
knowledge-religion,121
educational,121
mornings,121
connections,121
open-mindedness,121
funny-humor,121
ordinary,121
inside,121
comments,121
waves,121
becoming,121
feelings-and-emotions,121
heaven-and-hell,120
still,120
move,120
noise,120
reading-quotes,120
affirmation,120
depression-quotes,120
difficult-times,120
wife-quotes,120
dreamers,120
spouse,120
the-legacy-letters,120
script-writing,120
gun,120
compassion-quotes,120
the-prince-and-the-pauper,120
paranormal-thriller,120
radio,120
italy,120
daily-quotes,120
myths,119
carpe-diem,119
decide,119
rape-culture,119
apology,119
guide,119
nations,119
overcoming-challenges,119
boss,119
vulnerable,119
own,119
legend,119
ireland,119
vote,119
rumi,119
very,119
scriptwriting,119
writing-books,119
star-wars,119
erotica-romance,119
dad,118
free-spirit,118
data,118
significance,118
do-it,118
moonlight,118
twin-flames,118
sing,118
colour,118
sovereignty-of-god,118
teachings,118
civil-war,118
catchphrases,118
totalitarianism,118
unhappy,118
followers,118
wholeness,118
judging,118
holy-bible,118
entrepreneurship-quotes,118
self-discipline,118
dating-quotes,117
ritual-abuse,117
lucky,117
business-culture,117
roses,117
fantasy-young-adult,117
lailah gifty akita,117
luxury,117
atlas-shrugged,117
homeschool,117
cosmic,117
sense of humor,117
disaster,117
woman-quotes,117
principle,117
funny-and-random,116
birthdays,116
gentle,116
calmness,116
overcoming-adversity,116
light-quotes,116
austrian-school-of-economics,116
princess,116
dark-humor,116
here,116
cake,116
jealous,116
veganism,116
arts,116
this,116
jewish,116
fearful,116
reaction,115
reach,115
sated,115
living-well,115
parenting-advice,115
goodreads,115
seed,115
self-doubt,115
society-denial,115
awake,115
radiation,115
gardening,115
bond,115
winners,115
literary,115
halloween,115
encourage,115
capabilities-quotes,115
post-apocalyptic,115
away,115
leadership-traits,115
real-love-quotes,115
aloneness,115
insomnia,115
drawing,115
multiple-personality-disorder,115
abundant-life,115
celebration,115
god-s-plan,115
paint,115
gay-romance,115
christmas-quotes,115
sage,114
space-exploration,114
many,114
niche,114
tag-lines,114
wantin,114
new-adult-contemporary-romance,114
yearning,114
lifetime,114
husband-quotes,114
catch-lines,114
definition,114
division,114
silly,114
being-yourself,114
renewal,113
stay,113
alien,113
theism,113
sharing-life,113
self-awareness-quotes,113
complaining,113
cinema,113
property,113
out,113
doctors,113
thing,113
universal,113
women-s-inspirational,113
holiday,113
speechwriting,113
virginity,113
falling-in-love-quotes,113
gods-power,113
issues,113
apple,113
human-beings,113
mouth,113
alliterations,113
made,113
career-quotes,112
alpha,112
apocalyptic,112
chocolate,112
effort-quotes,112
false,112
vegan,112
heritage,112
bright,112
conscious,112
outside,112
persecution,112
forgotten,112
reasons,112
one-liner,112
cost,112
precious,111
fulfilling-your-potential,111
storms,111
resilience-quotes,111
quips,111
midnight,111
between,111
stephen-king,111
meaningful,111
gone,111
mood,111
purpose-in-life,111
epic,111
hiding,111
sad-but-true,111
personal-development-quotes,111
zombie-apocalypse,111
walls,111
rome,110
path-of-life,110
breakfast,110
sensuality,110
nonsense,110
brotherhood,110
motivational-quotes-for-runners,110
craft,110
gain,110
germany-kent-quotes,110
na,110
prince,110
goals-quotes,110
karmic,110
canadians,110
justification,110
fair,110
uncertainties,110
wake-up,110
cause,110
irish,110
introvert,110
no,110
naked,110
government-corruption,110
potentials,110
intolerance,110
cruel,110
jane-austen,109
thoughts-of-the-mind,109
elves,109
germany-kent,109
make-a-difference,109
group,109
possessions,109
sherlock-holmes,109
free-market,109
protest,109
how,109
funeral,109
original,109
m-m-romance,109
whole,109
nobel-laureate,109
song-lyrics,109
lessons-in-life,109
humorous-quotations,109
prejudices,109
jaachynma,109
circumstance,109
hopeful-quotes,109
freedom-of-choice,109
season,109
presentation,108
burn,108
woods,108
left,108
when,108
works,108
bring,108
flesh,108
slow,108
brokenness,108
inspiring-words,108
late,108
panic,108
modesty,108
conservatism,108
strength-of-spirit,108
abandonment,108
guitar,108
harvest,108
fat,107
power-of-love,107
reach-out,107
9-11,107
take,107
carew-papritz,107
cure,107
fairy,107
married,107
political-correctness,107
studying,107
are,107
diligence,107
racism-in-america,107
adventures,107
fault,107
enlightened,107
caution,107
complex,107
alienation,107
dark-fantasy,107
startups,107
passion-quotes,107
jehovah,106
lips,106
fast,106
subconscious,106
gwg,106
doctrine,106
weight-loss,106
indoctrination,106
guru-with-guitar,106
classic,106
wishing,106
enjoy-life,106
quoteoftheday,106
unrequited,106
respecting-others,106
south-africa,106
sensitivity,106
questioning,106
authentic-self,106
victims,106
careers,106
audience,106
trial,106
women-empowerment,106
higher-self,106
wandering,106
complete,106
employees,105
tragic,105
atheists,105
battles,105
knowledge-wisdom,105
engagement,105
teen-romance,105
nobility,105
motivations,105
street,105
inner-voice,105
careful,105
steps,105
truthful,105
finding,105
pantheism,105
strong-women,105
flight,105
vegetarianism,104
mystical,104
guilty,104
trustworthy,104
happy-quotes,104
forgiven,104
feminine,104
employee,104
women-and-men,104
nirvana,104
testimony,104
talent-quotes,104
education-system,104
lawyer,104
trade,104
literacy,104
the-sun-watches-the-sun,104
everyday,104
true-self,104
relations,104
psyche,104
employee-engagement,104
expect,104
annabeth-chase,104
epistemology,104
clary-fray,103
satirical,103
sunlight,103
answers-to-prayers,103
life-coaching-advice,103
stewardship,103
arrogant,103
wanting,103
recognize,103
have,103
tattoo,103
wickedness,103
passionate-love,103
advice-quotes,103
letter,103
corporations,103
smoking,103
sustainability,103
bridge,103
grammar,103
african,103
novelist,103
utopia,103
librarians,103
religious-tolerance,102
how-to-be-happier,102
neurotheology,102
disbelief,102
alchemy,102
future-plans,102
genocide,102
leisure,102
charm,102
ignore,102
status,102
world-war-ii,102
self-deception,102
impression,102
hungry,102
don-t,102
alpha-hero,102
peace-quote,102
energy-healing,102
improve,102
the-hope-guru,102
how-to-be-happy-in-life,102
excellent-people,101
feelings-of-love,101
found,101
deep-love,101
self-realization-quotes,101
criminal,101
professional,101
tv,101
male,101
defense,101
paranoia,101
maxim,101
young-adult-series,101
behind,101
passionate-life,101
african-american,101
flame,101
bipolar,101
engineering,101
work hard,101
lazy,101
good-thoughts,101
adoption,101
necessity,101
quotes-and-saying,100
hope-guru,100
imitation,100
writers-inspiration,100
daughters,100
politeness,100
remorse,100
writers-block,100
united-states-of-america,100
camera,100
genuine,100
shopping,100
affair,100
hurting,100
try-again,100
aspen-matis,100
morganville-vampires,100
flattery,100
fearlessness,100
twilight,100
pornography,100
afghanistan,100
avoidance,100
diary,99
conspiracy,99
complicated,99
alpha-males,99
spirits,99
physical,99
pretending,99
homophobia,99
ship,99
gentleness,99
opportunities-in-life,99
hold,99
personal-responsibility,99
comfortable,99
adventurous,99
clothing,99
selfless,99
window,99
truth-devour,99
pen,99
fiction-writing,99
be-kind,99
with,99
activity,99
tenderness,99
ugliness,98
moksha,98
new-orleans,98
arguments,98
tongue,98
team-spirit,98
tough,98
robots,98
images,98
achieving-excellence,98
opposition,98
kingdom-of-god,98
sweet-romance,98
dissent,98
american-history,98
humanity-advice,98
adults,98
stranger,98
humanity-quotes,98
attack,97
because,97
boyfriend-quotes,97
historians,97
wake up,97
actors,97
problems-in-life,97
makeup,97
prisoner,97
atma,97
escapism,97
shinning-your-light,97
crime-fiction,97
germany-kent-quote,97
labels,97
imperialism,97
inspired-life,97
mind-quotations,97
meeting,97
r-alan-woods,97
lion,97
for,97
newspapers,97
products,97
positivity-quotes,97
the-bible,97
bread,96
details,96
can,96
bones,96
arriving,96
kings,96
medieval,96
come,96
artists-quotes,96
illumination,96
genius-quotes,96
generations,96
writing-tips,96
sinner,96
transgender,96
haunted,96
psychological-thriller,96
aesthetics,96
concern,96
love-poems,96
british,96
mental-disorder,96
be-more-motivated,96
warmth,96
teenage-love,95
jail,95
romantic-thriller,95
self-expression,95
amazom,95
disillusionment,95
hardwork,95
stigma,95
watch,95
interview,95
belief-in-god,95
encouraging,95
reform,95
appearances,95
editing,95
judaism,95
relaxation,95
common,95
cannot,95
date,95
thinkers,95
ve-attitude,95
blessings-quotes,95
haunting,95
breakup-quotes,95
happyquotes,95
magnus-bane,95
distress,94
agnostic,94
anthropology,94
dystopian-fiction,94
metaphysical-truth-reality,94
fairytale,94
dishonesty,94
easter,94
deserve,94
cherish,94
idleness,94
pollution,94
return,94
cassandra-clare,94
far,94
delight,94
learner,94
military-romance,94
warning,94
shape,94
experiment,94
pop-culture,94
science-of-mind,94
curious,94
use,94
politics-of-the-united-states,94
punchline,94
christmas-spirit,94
intentional-living,94
royalty,94
farming,94
taxes,93
divine-love,93
missionary,93
serious,93
duality,93
memories-quotes,93
secrecy,93
darkness-and-light,93
lol,93
agony,93
depravity,93
restoration,93
courtship-quotes,93
retirement,93
parables,93
glass,93
achievers,93
priority,93
psychotherapy,93
scientist,93
artificial-intelligence,93
clean,93
flourishing,93
new york,93
favour,93
abandoned,92
statistics,92
resolutions,92
entrepreneurs,92
empowering,92
surrealism,92
call,92
sexual-assault,92
brains,92
welcome,92
fellowship,92
nigeria,92
darwinism,92
cynical,92
initiative,92
our,92
reconciliation,92
prophet,92
wanting-to-win,92
roman-payne,92
seeds,92
glory-of-god,92
gravity,92
homeless,92
joyful-living-quotes,92
excel,92
universe-quotes,92
determinism,92
quantum-physics,91
mysterious,91
avoid,91
epigram,91
business-management-training,91
cooperation,91
extinction,91
feminist-quotes,91
magical-realism,91
filmmaking,91
ourselves,91
symbolism,91
heart-quotations,91
sheep,91
objectivity,91
neglect,91
progressive,91
last,91
maxims,90
people-relations,90
compassionate,90
tension,90
old age,90
contradiction,90
necessary,90
aware,90
sanctification,90
release,90
superiority,90
romantic-quotes,90
mental-health-stigma,90
emotional-abuse,90
self-realisation,90
outdoors,90
threat,90
hospital,90
make-a-change,90
doors,90
made-me-think,90
positive-psychology,90
saviour,90
live-life,90
bureaucracy,90
anger-management,90
achieving-mastery,90
cars,90
fortitude,90
make-you-think,90
worldview,90
provoke-thought,90
death-quotes,89
misfortune,89
objectivism,89
toxic,89
horror-fantasy,89
epiphany,89
gay-rights,89
novella,89
fall-in-love,89
aggression,89
lack,89
applause,89
roads,89
relationships-love,89
inspired-quotes,89
complacency,89
coward,89
page,89
meat,89
religions,89
girlfriend-quotes,89
work-quotes,89
journeys,89
faults,89
self-actualization,89
bible-quotes,89
sensitive,89
reveal,88
achievement-gap,88
evolve,88
toxic-people,88
enlightenment-principles,88
heartbreak-quotes,88
follow-your-dreams,88
romanticism,88
answered-prayer,88
living-in-the-present,88
relief,88
confused,88
hug,88
point-of-view,88
victories,88
happen,88
western-romance,88
political-science,88
chess,88
wicked,88
noir,88
aphorist,88
heaven-quotes,88
virtue-quotes,88
emotional-health,88
victory-quotes,88
faith-reason,88
slander,88
mysteries,88
lgbt-rights,88
stand-up,88
credit,87
scientists,87
bangambiki-habyarimana,87
time-investment,87
egotism,87
inspirational-success-failure,87
working-together,87
accident,87
complain,87
shamanism,87
aphorists,87
models,87
peace-making,87
pursue,87
laughing,87
epigrams,87
queer,87
stayingpositiveu-com,87
attitudes,87
hiking,87
been,87
unconscious-mind,87
greek,87
linguistics,87
alex,87
brainy-quote,87
second-chances,87
forgiving,87
nurture,87
cinderella,87
spark,87
heaven-on-earth,86
really,86
japanese,86
steve maraboli,86
adultery,86
negative-thoughts,86
love-and-kindness,86
detachment,86
mehmet-murat-ildan,86
murder-mystery,86
writers-and-writing,86
inspirational-quotes-for-work,86
heavens,86
google,86
darwin,86
creationism,86
leadership-training,86
sapiens,86
human-development,86
noble,86
character-building,86
hunting,86
stone,86
warfare-prayers,86
impermanence,85
lonliness,85
mystery-suspense,85
cognition,85
agriculture,85
computer,85
simon-lewis,85
witness,85
keep-going,85
before,85
miss,85
britain,85
females,85
happiness-life,85
take-action,85
smell,85
greedy,85
myles-munroe,85
reality-check,85
dumb,85
self-destruction,85
gnomes,85
innocent,85
office,85
orgasm,85
paranormal-urban-fantasy-romance,85
netiquette,85
gnome,85
bless,85
instaquote,85
african-american-authors,85
repression,85
lead-people,84
spy,84
response,84
savior,84
existential,84
majority,84
faeries,84
stephanie-lahart,84
female-empowerment,84
prayer-life,84
strive,84
tennis,84
volunteerism,84
cosmology,84
opportunity-quotes,84
tao,84
bookworm,84
ecstasy,84
mystic,84
entrepreneur-quotes,84
california,84
will-power,84
image-of-god,84
stoicism,84
inspiring-leaders,84
happiness-quotations,84
magician,84
healthcare,84
axiom,84
diplomacy,84
get,84
mob,84
adoration,84
axioms,84
mars,84
intensity,84
daily-living,84
lds,84
branding-quotes,84
understanding-others,84
faith-strength,84
trusting-god,84
citizens,84
rumors,83
valentine,83
family-drama,83
dissociative,83
religion-vs-science,83
self-harm,83
positive-words,83
intimate,83
disruption,83
fear-of-god,83
outlook,83
dark-romance,83
ontology,83
urban,83
heat,83
tony-dovale,83
belief-system,83
change-quotes,83
unconscious,83
puzzle,83
soccer,83
translation,83
storms-of-life-quotes,83
woman-s-strength,83
indian,83
reading-habits,83
adam,83
nietzsche,83
professionalism,83
motivational-enlightenment,83
sports-romance,83
sand,83
queensland,83
subconscious-mind-power,83
sadness-quotes,83
crowd,83
united,83
sam-temple,83
meaningful-life,82
worthiness,82
task,82
humbleness,82
born-ready,82
epic-fantasy,82
dependence,82
horror-fiction,82
matters,82
futility,82
government-abuse,82
rise-up,82
artists-life,82
intent,82
dysfunctional-families,82
children-s-literature,82
ancestors,82
wellbeing,82
flower-quotes,82
sorrow-quotes,82
domestic-abuse,82
room,82
thankful-quotes,82
living-your-best-life,82
storm-quotes,82
fulfilling-your-destiny,82
ken-poirot,82
humor-quotes,82
risk-taking,82
pictures,82
envy-quotes,82
philosophy-of-science,82
ride,82
sincere,82
african-authors,82
jews,82
twitter-quotes,81
hearing,81
women-quotes,81
keep,81
heavenly,81
jennifer-elisabeth,81
sexual,81
israel,81
gender-equality,81
truthfulness,81
hitler,81
increase,81
chicago,81
beer,81
inner-beauty-quotes,81
machine,81
orthodoxy,81
best-motivational-quotes,81
tell,81
nature-s-beauty,81
artistry,81
limitation,81
stubborn,81
www-susanspeaks-com,81
motto,81
timeless,81
economic,81
allah,81
series-romance,81
grace-and-favor,81
freedom-of-expression,81
constellations,80
ken-poirot-quote,80
traumatized,80
happiness-positive-outlook,80
masterpiece,80
dictum,80
dictums,80
pnr,80
signs,80
childbirth,80
ken-poirot-quotes,80
jace-wayland,80
indonesia,80
profession,80
drug-addiction,80
trapped,80
biases,80
rescue,80
helplessness,80
perceptions,80
size,80
creatures,80
hubris,80
glass-girl,80
adages,80
absurdity,80
distinction,80
perception-of-reality,80
oil,80
ya-romance,80
worse,80
inspirational-religious,79
against,79
combat,79
tantra,79
intense,79
repent,79
roman,79
resolution,79
personal-skills-development,79
over,79
butterfly,79
wellness-guru,79
fraud,79
the-glass-child,79
status-quo,79
womens-rights,79
faith-vs-reason,79
genetics,79
thrive-in-times-of-change,79
vocabulary,79
philosphy,79
unexpected,79
the-self,79
egypt,79
folly,79
efficiency,79
heavenly-father,79
adrian-ivashkov,79
coincidence,79
psychoanalysis,79
decadence,79
horror-authors,79
time-well-spent,79
evening,79
new-beginnings,79
customer-service,79
empire,79
follow-your-heart,79
achieving,79
winners-mentality,79
numbers,79
mental-abuse,79
theater,78
servant,78
good-vs-evil,78
social-norms,78
adaptation,78
failure-and-success,78
christmas-romance,78
lessons-learned,78
intuition-quotes,78
subjectivity,78
masks,78
ideals,78
genre,78
quotes-of-the-day-motivational,78
vices,78
gender-stereotypes,78
future-quotes,78
light-quotations,78
music-quotes,78
humiliation,78
ink,78
touching,78
citizen,78
inspiration-quotes,78
natural-selection,78
close,78
pakistan,78
marriage-life,78
blues,78
amnesia,78
smile-quotes,78
humor-inspirational,78
aim-high,77
bdsm-romance,77
anguish,77
natural-law,77
best friend,77
pastor,77
faerie,77
void,77
deliverance,77
saved-from-sin,77
domination,77
pursuit-of-happiness,77
wanderer,77
entitlement,77
kenya,77
honesty-quotes,77
leadership-styles,77
connect,77
rick-riordan,77
lady,77
coach,77
authenticity-quotes,77
swimming,77
routine,77
surreal,77
crossroads,77
mate,77
republicans,77
frightened,77
sexy-humor,77
beyond,77
ritual,77
happy-endings,77
courage-in-life,77
butterflies,77
neighbors,77
lgbt-quotes,77
motion,77
temporary,77
confidence-and-attitude,77
comics,77
who-you-are,77
worries,77
mentors,77
material,76
clear,76
bondage,76
unbelief,76
journal,76
idiots,76
memoirs,76
hell-on-earth,76
needy,76
claire-danvers,76
homo,76
surviving-life,76
wonders,76
sarcastic-humor,76
schizophrenia,76
wound,76
quit,76
killer,76
slogans,76
loneliness-quotes,76
globalization,76
there,76
priest,76
power-of-the-subconscious-mind,76
childhood-abuse,76
atticus,76
dust,76
photography-quotes,76
awkward,76
your dreams,76
them,76
consciousness-mind-brain,76
optimist,76
empowering-women,76
teenager,76
execution,76
drowning,76
companion,76
academia,75
brilliant,75
beast,75
live-your-best-life,75
inspirational-life-quotes,75
beat,75
relationship-advice-for-women,75
boyfriend-and-girlfriend,75
leader-quotes,75
donald-trump,75
build-confidence,75
pragmatic,75
shine-quotes,75
golden-rule,75
making-a-difference,75
films,75
religion-christianity,75
clock,75
celebrities,75
speeches,75
pay,75
african-americans,75
race-and-racism-in-america,75
freedom-quotes,75
loss-quotes,75
ya-fiction,75
cheat,75
victorian,75
love-her-wild,75
desperate,75
wildlife,75
dharma,75
civility,75
wasting-time,75
human-behavior,75
sailing,75
addiction-and-recovery,75
new-life,75
model,74
quotes-by-mohith,74
rhythm,74
living-in-the-moment,74
characteristics-of-leadership,74
starvation,74
electricity,74
desires-quotes,74
religion-quotes,74
laura-anderson-kurk,74
dreamer-quotes,74
ironic,74
insurance,74
obstacle,74
saved,74
transparency,74
ai,74
live-your-life,74
introversion,74
murat-ildan-quotes,74
consequence,74
wild-and-free,74
social media,74
prove,74
words-of-knowledge,74
beautiful-writing,74
courage-to-be-oneself,74
husbands,74
resolve,74
i think,74
steampunk,74
pretense,74
eating-disorder,74
olympics,74
homelessness,74
john-green,74
pastors,74
peace-movement,74
relationship-advice-for-men,74
some,74
literary-criticism,74
contemporary-fiction,74
sexual-violence,73
kitchen,73
true-crime,73
express,73
quotes-for-women,73
rivers,73
embarrassment,73
doctor-who,73
impatience,73
management-theory,73
ruin,73
hope-quotations,73
villain,73
patterns,73
autonomy,73
sociology-quotes,73
earning,73
young-people,73
sadquotes,73
ready,73
naps,73
jack,73
great-work,73
success-coaching,73
providence,73
famous-people,73
cricket,73
job-seeking,73
chase,73
loving-others,73
life-plan,73
turn,73
leading,73
do-something,73
marry,73
buy,73
beautiful-quote,73
free-speech,73
road-trip,73
atticus-poetry,73
self-pity,73
temple,73
atticuspoetry,73
failing,72
wealth-quotes,72
mature,72
chris-prentiss,72
greece,72
favor,72
international-authors,72
ice,72
reminiscence,72
lunch,72
good-intentions,72
typewriter,72
everybody,72
island,72
rare,72
negotiation,72
knowing-oneself,72
married-life,72
general,72
developing-leadership-skills,72
lightning,72
determine,72
ancient,72
peacefulness,72
overcoming-fear,72
verse,72
governments,72
develop,72
disruptive-innovation,72
friendship-true-and-loyal,72
facts-of-life,72
bittersweet,72
approval,72
fans,72
affairs,72
soviet-union,72
observe,71
voyage,71
inspired-living,71
brisbane,71
reverence,71
bukowski,71
philosophical-musings,71
perserverance,71
rise-quotes,71
photographs,71
manifest,71
find-yourself,71
fulfill,71
saints,71
hunter,71
disagreement,71
four,71
creepy,71
muhammad,71
anticipation,71
balanced-life,71
traumatic-experiences,71
thinker,71
champion,71
expressions-of-emotion,71
loser,71
atheist-argument,71
amazon,71
plot,71
impossibility,71
cause-and-effect,71
guy,71
bride,71
holiday-romance,71
understanding-oneself-and-others,71
ignorance-quotes,71
raising-children,71
shine-your-light-quotes,71
determined-person,71
leadership-vs-management,71
immorality,71
be happy,71
intelligence-quote,71
action-adventure,71
author-ken-poirot,71
one-love,71
forbidden-love,71
heartbroken-quotes,71
philosophers,70
homeschooling,70
live-life-so-well,70
permission,70
third-eye,70
low-self-esteem,70
dumbledore,70
lot,70
heartbreaking,70
matrimony,70
pieces,70
qualities,70
conditioning,70
make-it-happen,70
goodreads-authors,70
doubting,70
legends,70
urban-fantasy-series,70
revolutionary,70
brave-quotes,70
barriers,70
despair-hope,70
sensual,70
wishes-fulfilled,70
postmodernism,70
salary,70
intelligent-design,70
immigrants,70
end-of-the-world,70
wars,70
effective-leadership,70
chiyson,70
criticism-quotes,70
if,70
living-in-the-present-moment,70
bullies,70
injury,70
superheroes,70
suicidal-thoughts,70
wise-man,70
bipolar-disorder,70
preservation,70
charity-quotes,70
defiance,70
every day,70
habyarimana-bangambiki,69
survival-of-the-fittest,69
thinking-positive,69
conceit,69
fighter,69
hurt-feelings,69
on-fiction,69
optimism-quotes,69
generous,69
frequency,69
excuse,69
ancestry,69
plato,69
nico-di-angelo,69
storm-quotations,69
broken-hearted,69
aids,69
book-lover,69
management-training,69
symbols,69
yes,69
the-soul,69
psychology-quotes,69
once,69
evolutionary-psychology,69
dirty,69
inaction,69
emotional-intelligence,69
self-sacrifice,69
daily-motivation,69
beliefs-quotes,69
psychic,69
golden,69
power-of-law-of-attraction,69
peer-pressure,69
higher,69
guys,69
focus-on-your-dreams,69
parenting-quotes,69
dating-advice,69
self-motivation-quotes,69
organizational-leadership,69
muslims,69
known,69
true-friends,69
depressing,69
photographer,69
secularism,69
